,Career Ended,Career Start,playerID,OPW,1B,2B,3B,HR,BB,nameFirst,nameLast,salary,POS
0,2005,2001,abreubo01,12.8385429955,-0.0222952405844,0.00822598260478,-0.00237894398418,-0.00398008876076,0.0547589075306,Bobby,Abreu,9000000,LF
1,2005,2001,abreubo01,12.8385429955,-0.0222952405844,0.00822598260478,-0.00237894398418,-0.00398008876076,0.0547589075306,Bobby,Abreu,9000000,OF
2,2005,2001,abreubo01,12.8385429955,-0.0222952405844,0.00822598260478,-0.00237894398418,-0.00398008876076,0.0547589075306,Bobby,Abreu,9000000,RF
3,2005,2001,abreubo01,12.8385429955,-0.0222952405844,0.00822598260478,-0.00237894398418,-0.00398008876076,0.0547589075306,Bobby,Abreu,9000000,CF
9,2005,2001,abreubo01,12.8385429955,-0.0222952405844,0.00822598260478,-0.00237894398418,-0.00398008876076,0.0547589075306,Bobby,Abreu,9000000,DH
54,1999,1992,bagweje01,28.4098376427,-0.0265923805021,0.00775699035476,-0.00109876050023,0.0123382838618,0.0579708471897,Jeff,Bagwell,6875000,1B
58,1999,1992,bagweje01,28.4098376427,-0.0265923805021,0.00775699035476,-0.00109876050023,0.0123382838618,0.0579708471897,Jeff,Bagwell,6875000,OF
59,1999,1992,bagweje01,28.4098376427,-0.0265923805021,0.00775699035476,-0.00109876050023,0.0123382838618,0.0579708471897,Jeff,Bagwell,6875000,RF
63,1999,1992,bagweje01,28.4098376427,-0.0265923805021,0.00775699035476,-0.00109876050023,0.0123382838618,0.0579708471897,Jeff,Bagwell,6875000,DH
76,2005,2005,bayja01,21.7116690248,-0.0236861617852,0.0118517084317,0.00211475009101,0.00811140178236,0.0373105521946,Jason,Bay,4750000,CF
78,2005,2005,bayja01,21.7116690248,-0.0236861617852,0.0118517084317,0.00211475009101,0.00811140178236,0.0373105521946,Jason,Bay,4750000,LF
79,2005,2005,bayja01,21.7116690248,-0.0236861617852,0.0118517084317,0.00211475009101,0.00811140178236,0.0373105521946,Jason,Bay,4750000,OF
81,2005,2005,bayja01,21.7116690248,-0.0236861617852,0.0118517084317,0.00211475009101,0.00811140178236,0.0373105521946,Jason,Bay,4750000,RF
90,2005,2005,bayja01,21.7116690248,-0.0236861617852,0.0118517084317,0.00211475009101,0.00811140178236,0.0373105521946,Jason,Bay,4750000,DH
107,1979,1979,baylodo01,17.8245509832,-0.0228384941154,0.00270134633008,-0.00242324846754,0.0233999075932,0.0206932476618,Don,Baylor,695909,CF
108,1979,1979,baylodo01,17.8245509832,-0.0228384941154,0.00270134633008,-0.00242324846754,0.0233999075932,0.0206932476618,Don,Baylor,695909,OF
109,1979,1979,baylodo01,17.8245509832,-0.0228384941154,0.00270134633008,-0.00242324846754,0.0233999075932,0.0206932476618,Don,Baylor,695909,RF
112,1979,1979,baylodo01,17.8245509832,-0.0228384941154,0.00270134633008,-0.00242324846754,0.0233999075932,0.0206932476618,Don,Baylor,695909,1B
114,1979,1979,baylodo01,17.8245509832,-0.0228384941154,0.00270134633008,-0.00242324846754,0.0233999075932,0.0206932476618,Don,Baylor,695909,LF
118,1979,1979,baylodo01,17.8245509832,-0.0228384941154,0.00270134633008,-0.00242324846754,0.0233999075932,0.0206932476618,Don,Baylor,695909,DH
181,1979,1979,bellbu01,-12.5358636138,0.00978566284348,0.0154910459009,-0.00242937967539,-0.00238795261527,-0.038023286162,Buddy,Bell,830454,3B
182,1979,1979,bellbu01,-12.5358636138,0.00978566284348,0.0154910459009,-0.00242937967539,-0.00238795261527,-0.038023286162,Buddy,Bell,830454,CF
183,1979,1979,bellbu01,-12.5358636138,0.00978566284348,0.0154910459009,-0.00242937967539,-0.00238795261527,-0.038023286162,Buddy,Bell,830454,OF
184,1979,1979,bellbu01,-12.5358636138,0.00978566284348,0.0154910459009,-0.00242937967539,-0.00238795261527,-0.038023286162,Buddy,Bell,830454,RF
190,1979,1979,bellbu01,-12.5358636138,0.00978566284348,0.0154910459009,-0.00242937967539,-0.00238795261527,-0.038023286162,Buddy,Bell,830454,DH
192,1979,1979,bellbu01,-12.5358636138,0.00978566284348,0.0154910459009,-0.00242937967539,-0.00238795261527,-0.038023286162,Buddy,Bell,830454,1B
195,1979,1979,bellbu01,-12.5358636138,0.00978566284348,0.0154910459009,-0.00242937967539,-0.00238795261527,-0.038023286162,Buddy,Bell,830454,LF
200,1979,1979,bellbu01,-12.5358636138,0.00978566284348,0.0154910459009,-0.00242937967539,-0.00238795261527,-0.038023286162,Buddy,Bell,830454,SS
211,1979,1979,bellbu01,-12.5358636138,0.00978566284348,0.0154910459009,-0.00242937967539,-0.00238795261527,-0.038023286162,Buddy,Bell,830454,2B
221,1998,1998,belleal01,29.8680246207,-0.0220267661335,0.0189300592276,-0.0020848562179,0.0213583281529,0.032747590689,Albert,Belle,5700000,DH
222,1998,1998,belleal01,29.8680246207,-0.0220267661335,0.0189300592276,-0.0020848562179,0.0213583281529,0.032747590689,Albert,Belle,5700000,LF
223,1998,1998,belleal01,29.8680246207,-0.0220267661335,0.0189300592276,-0.0020848562179,0.0213583281529,0.032747590689,Albert,Belle,5700000,OF
224,1998,1998,belleal01,29.8680246207,-0.0220267661335,0.0189300592276,-0.0020848562179,0.0213583281529,0.032747590689,Albert,Belle,5700000,RF
259,2002,2002,beltrca01,2.5190841528,-0.0114695660188,0.0117601219411,0.0044987416236,-0.00469567987879,0.00337520879851,Carlos,Beltran,13000000,CF
260,2002,2002,beltrca01,2.5190841528,-0.0114695660188,0.0117601219411,0.0044987416236,-0.00469567987879,0.00337520879851,Carlos,Beltran,13000000,OF
262,2002,2002,beltrca01,2.5190841528,-0.0114695660188,0.0117601219411,0.0044987416236,-0.00469567987879,0.00337520879851,Carlos,Beltran,13000000,DH
266,2002,2002,beltrca01,2.5190841528,-0.0114695660188,0.0117601219411,0.0044987416236,-0.00469567987879,0.00337520879851,Carlos,Beltran,13000000,LF
268,2002,2002,beltrca01,2.5190841528,-0.0114695660188,0.0117601219411,0.0044987416236,-0.00469567987879,0.00337520879851,Carlos,Beltran,13000000,RF
302,1997,1992,biggicr01,4.93521644779,0.0210738539282,-0.00431378385241,0.00158984730813,-0.0100548629686,0.00622298545779,Craig,Biggio,4000000,C
304,1997,1992,biggicr01,4.93521644779,0.0210738539282,-0.00431378385241,0.00158984730813,-0.0100548629686,0.00622298545779,Craig,Biggio,4000000,CF
305,1997,1992,biggicr01,4.93521644779,0.0210738539282,-0.00431378385241,0.00158984730813,-0.0100548629686,0.00622298545779,Craig,Biggio,4000000,LF
306,1997,1992,biggicr01,4.93521644779,0.0210738539282,-0.00431378385241,0.00158984730813,-0.0100548629686,0.00622298545779,Craig,Biggio,4000000,OF
311,1997,1992,biggicr01,4.93521644779,0.0210738539282,-0.00431378385241,0.00158984730813,-0.0100548629686,0.00622298545779,Craig,Biggio,4000000,RF
312,1997,1992,biggicr01,4.93521644779,0.0210738539282,-0.00431378385241,0.00158984730813,-0.0100548629686,0.00622298545779,Craig,Biggio,4000000,2B
323,1997,1992,biggicr01,4.93521644779,0.0210738539282,-0.00431378385241,0.00158984730813,-0.0100548629686,0.00622298545779,Craig,Biggio,4000000,DH
349,1989,1989,bonilbo01,14.6522352762,-0.0188407662896,0.00409030263836,0.00572197549257,0.00530056729756,0.0206764209108,Bobby,Bonilla,3750000,1B
351,1989,1989,bonilbo01,14.6522352762,-0.0188407662896,0.00409030263836,0.00572197549257,0.00530056729756,0.0206764209108,Bobby,Bonilla,3750000,3B
352,1989,1989,bonilbo01,14.6522352762,-0.0188407662896,0.00409030263836,0.00572197549257,0.00530056729756,0.0206764209108,Bobby,Bonilla,3750000,CF
354,1989,1989,bonilbo01,14.6522352762,-0.0188407662896,0.00409030263836,0.00572197549257,0.00530056729756,0.0206764209108,Bobby,Bonilla,3750000,LF
356,1989,1989,bonilbo01,14.6522352762,-0.0188407662896,0.00409030263836,0.00572197549257,0.00530056729756,0.0206764209108,Bobby,Bonilla,3750000,OF
358,1989,1989,bonilbo01,14.6522352762,-0.0188407662896,0.00409030263836,0.00572197549257,0.00530056729756,0.0206764209108,Bobby,Bonilla,3750000,RF
396,1989,1989,bonilbo01,14.6522352762,-0.0188407662896,0.00409030263836,0.00572197549257,0.00530056729756,0.0206764209108,Bobby,Bonilla,3750000,DH
420,1989,1989,bonilbo01,14.6522352762,-0.0188407662896,0.00409030263836,0.00572197549257,0.00530056729756,0.0206764209108,Bobby,Bonilla,3750000,P
422,2002,2002,booneaa01,-23.7941862316,-0.0233920061506,0.00701504197455,-0.00236711598986,-0.00638120738489,-0.0123151320621,Aaron,Boone,925000,2B
423,2002,2002,booneaa01,-23.7941862316,-0.0233920061506,0.00701504197455,-0.00236711598986,-0.00638120738489,-0.0123151320621,Aaron,Boone,925000,3B
426,2002,2002,booneaa01,-23.7941862316,-0.0233920061506,0.00701504197455,-0.00236711598986,-0.00638120738489,-0.0123151320621,Aaron,Boone,925000,SS
439,2002,2002,booneaa01,-23.7941862316,-0.0233920061506,0.00701504197455,-0.00236711598986,-0.00638120738489,-0.0123151320621,Aaron,Boone,925000,DH
443,2002,2002,booneaa01,-23.7941862316,-0.0233920061506,0.00701504197455,-0.00236711598986,-0.00638120738489,-0.0123151320621,Aaron,Boone,925000,1B
450,1974,1974,bowala01,-31.5916686613,0.0370276896138,-0.015789813959,0.00313820636259,-0.0168517064899,-0.0651443869498,Larry,Bowa,525000,2B
451,1974,1974,bowala01,-31.5916686613,0.0370276896138,-0.015789813959,0.00313820636259,-0.0168517064899,-0.0651443869498,Larry,Bowa,525000,SS
469,1985,1985,bucknbi01,-4.36422623499,0.0141601726065,0.0159513730366,-0.00234279852402,-0.00528136828186,-0.0214685589345,Bill,Buckner,400000,1B
470,1985,1985,bucknbi01,-4.36422623499,0.0141601726065,0.0159513730366,-0.00234279852402,-0.00528136828186,-0.0214685589345,Bill,Buckner,400000,LF
471,1985,1985,bucknbi01,-4.36422623499,0.0141601726065,0.0159513730366,-0.00234279852402,-0.00528136828186,-0.0214685589345,Bill,Buckner,400000,OF
472,1985,1985,bucknbi01,-4.36422623499,0.0141601726065,0.0159513730366,-0.00234279852402,-0.00528136828186,-0.0214685589345,Bill,Buckner,400000,RF
513,1985,1985,bucknbi01,-4.36422623499,0.0141601726065,0.0159513730366,-0.00234279852402,-0.00528136828186,-0.0214685589345,Bill,Buckner,400000,DH
524,2013,2013,butlebi03,-6.91770127473,0.0199019858191,-0.0055637477437,-0.00288302201002,-0.0102134601486,-0.00341356623178,Billy,Butler,1985000,1B
525,2013,2013,butlebi03,-6.91770127473,0.0199019858191,-0.0055637477437,-0.00288302201002,-0.0102134601486,-0.00341356623178,Billy,Butler,1985000,DH
526,2013,2013,butlebi03,-6.91770127473,0.0199019858191,-0.0055637477437,-0.00288302201002,-0.0102134601486,-0.00341356623178,Billy,Butler,1985000,LF
527,2013,2013,butlebi03,-6.91770127473,0.0199019858191,-0.0055637477437,-0.00288302201002,-0.0102134601486,-0.00341356623178,Billy,Butler,1985000,OF
537,1978,1978,cabelen01,-19.0840974043,0.0276981024767,0.00279273234586,0.00147212184675,-0.0207802704904,-0.0352401224597,Enos,Cabell,370833,1B
539,1978,1978,cabelen01,-19.0840974043,0.0276981024767,0.00279273234586,0.00147212184675,-0.0207802704904,-0.0352401224597,Enos,Cabell,370833,3B
540,1978,1978,cabelen01,-19.0840974043,0.0276981024767,0.00279273234586,0.00147212184675,-0.0207802704904,-0.0352401224597,Enos,Cabell,370833,LF
542,1978,1978,cabelen01,-19.0840974043,0.0276981024767,0.00279273234586,0.00147212184675,-0.0207802704904,-0.0352401224597,Enos,Cabell,370833,2B
544,1978,1978,cabelen01,-19.0840974043,0.0276981024767,0.00279273234586,0.00147212184675,-0.0207802704904,-0.0352401224597,Enos,Cabell,370833,DH
546,1978,1978,cabelen01,-19.0840974043,0.0276981024767,0.00279273234586,0.00147212184675,-0.0207802704904,-0.0352401224597,Enos,Cabell,370833,OF
547,1978,1978,cabelen01,-19.0840974043,0.0276981024767,0.00279273234586,0.00147212184675,-0.0207802704904,-0.0352401224597,Enos,Cabell,370833,RF
557,1978,1978,cabelen01,-19.0840974043,0.0276981024767,0.00279273234586,0.00147212184675,-0.0207802704904,-0.0352401224597,Enos,Cabell,370833,SS
586,1978,1978,cabelen01,-19.0840974043,0.0276981024767,0.00279273234586,0.00147212184675,-0.0207802704904,-0.0352401224597,Enos,Cabell,370833,CF
590,2003,2001,cabreor01,-19.2009143958,0.0104653901194,0.0102957508192,0.00148090573657,-0.0181892745936,-0.0291191895475,Orlando,Cabrera,2850000,2B
591,2003,2001,cabreor01,-19.2009143958,0.0104653901194,0.0102957508192,0.00148090573657,-0.0181892745936,-0.0291191895475,Orlando,Cabrera,2850000,SS
604,2003,2001,cabreor01,-19.2009143958,0.0104653901194,0.0102957508192,0.00148090573657,-0.0181892745936,-0.0291191895475,Orlando,Cabrera,2850000,DH
612,2003,2001,cabreor01,-19.2009143958,0.0104653901194,0.0102957508192,0.00148090573657,-0.0181892745936,-0.0291191895475,Orlando,Cabrera,2850000,3B
616,1991,1986,cartejo01,-10.3630231991,-0.0225917918621,0.000393107611055,0.000264466165742,0.00842173772862,-0.0140125731038,Joe,Carter,3421523,CF
617,1991,1986,cartejo01,-10.3630231991,-0.0225917918621,0.000393107611055,0.000264466165742,0.00842173772862,-0.0140125731038,Joe,Carter,3421523,LF
618,1991,1986,cartejo01,-10.3630231991,-0.0225917918621,0.000393107611055,0.000264466165742,0.00842173772862,-0.0140125731038,Joe,Carter,3421523,OF
619,1991,1986,cartejo01,-10.3630231991,-0.0225917918621,0.000393107611055,0.000264466165742,0.00842173772862,-0.0140125731038,Joe,Carter,3421523,RF
620,1991,1986,cartejo01,-10.3630231991,-0.0225917918621,0.000393107611055,0.000264466165742,0.00842173772862,-0.0140125731038,Joe,Carter,3421523,1B
625,1991,1986,cartejo01,-10.3630231991,-0.0225917918621,0.000393107611055,0.000264466165742,0.00842173772862,-0.0140125731038,Joe,Carter,3421523,2B
626,1991,1986,cartejo01,-10.3630231991,-0.0225917918621,0.000393107611055,0.000264466165742,0.00842173772862,-0.0140125731038,Joe,Carter,3421523,3B
628,1991,1986,cartejo01,-10.3630231991,-0.0225917918621,0.000393107611055,0.000264466165742,0.00842173772862,-0.0140125731038,Joe,Carter,3421523,DH
694,1998,1998,castivi02,8.95982972064,0.0184577361409,-0.00975924575491,0.000856009115861,0.0174971200709,-0.0262495530749,Vinny,Castilla,3000000,SS
695,1998,1998,castivi02,8.95982972064,0.0184577361409,-0.00975924575491,0.000856009115861,0.0174971200709,-0.0262495530749,Vinny,Castilla,3000000,3B
698,1998,1998,castivi02,8.95982972064,0.0184577361409,-0.00975924575491,0.000856009115861,0.0174971200709,-0.0262495530749,Vinny,Castilla,3000000,1B
699,1998,1998,castivi02,8.95982972064,0.0184577361409,-0.00975924575491,0.000856009115861,0.0174971200709,-0.0262495530749,Vinny,Castilla,3000000,2B
720,2012,2012,castrst01,-12.0037820043,0.0113221726125,-0.0072301040043,0.00976342911827,-0.0169700492281,-0.0239697175181,Starlin,Castro,567000,SS
724,1978,1978,chambch01,-21.4465870426,0.00441822435813,-0.00362277406965,-0.00575357892734,-0.0130261820912,-0.00593662541428,Chris,Chambliss,784726,1B
731,1978,1978,chambch01,-21.4465870426,0.00441822435813,-0.00362277406965,-0.00575357892734,-0.0130261820912,-0.00593662541428,Chris,Chambliss,784726,DH
744,1988,1988,clarkwi02,6.60356974792,-0.0224561403509,-0.00481481481481,-0.00359649122807,0.0119785575049,0.0280214424951,Will,Clark,4275000,1B
753,1988,1988,clarkwi02,6.60356974792,-0.0224561403509,-0.00481481481481,-0.00359649122807,0.0119785575049,0.0280214424951,Will,Clark,4275000,DH
766,1993,1993,coninje01,3.14976554182,0.025007552837,0.000133542915439,0.000193746688792,-0.00772359681424,-0.00584852292779,Jeff,Conine,2240000,1B
768,1993,1993,coninje01,3.14976554182,0.025007552837,0.000133542915439,0.000193746688792,-0.00772359681424,-0.00584852292779,Jeff,Conine,2240000,LF
769,1993,1993,coninje01,3.14976554182,0.025007552837,0.000133542915439,0.000193746688792,-0.00772359681424,-0.00584852292779,Jeff,Conine,2240000,OF
770,1993,1993,coninje01,3.14976554182,0.025007552837,0.000133542915439,0.000193746688792,-0.00772359681424,-0.00584852292779,Jeff,Conine,2240000,RF
787,1993,1993,coninje01,3.14976554182,0.025007552837,0.000133542915439,0.000193746688792,-0.00772359681424,-0.00584852292779,Jeff,Conine,2240000,DH
792,1993,1993,coninje01,3.14976554182,0.025007552837,0.000133542915439,0.000193746688792,-0.00772359681424,-0.00584852292779,Jeff,Conine,2240000,3B
846,1977,1977,cowenal01,8.69625802361,0.00171234220914,-0.0045050041321,0.00877650094535,0.00397944543236,-0.0103181516551,Al,Cowens,380000,3B
847,1977,1977,cowenal01,8.69625802361,0.00171234220914,-0.0045050041321,0.00877650094535,0.00397944543236,-0.0103181516551,Al,Cowens,380000,CF
848,1977,1977,cowenal01,8.69625802361,0.00171234220914,-0.0045050041321,0.00877650094535,0.00397944543236,-0.0103181516551,Al,Cowens,380000,DH
849,1977,1977,cowenal01,8.69625802361,0.00171234220914,-0.0045050041321,0.00877650094535,0.00397944543236,-0.0103181516551,Al,Cowens,380000,LF
850,1977,1977,cowenal01,8.69625802361,0.00171234220914,-0.0045050041321,0.00877650094535,0.00397944543236,-0.0103181516551,Al,Cowens,380000,OF
851,1977,1977,cowenal01,8.69625802361,0.00171234220914,-0.0045050041321,0.00877650094535,0.00397944543236,-0.0103181516551,Al,Cowens,380000,RF
904,2000,2000,cruzjo02,-20.3796642784,-0.0312207930813,-0.0160227127849,0.000697587654665,0.0062434948463,-0.00821478742029,Jose,Cruz,1500000,CF
905,2000,2000,cruzjo02,-20.3796642784,-0.0312207930813,-0.0160227127849,0.000697587654665,0.0062434948463,-0.00821478742029,Jose,Cruz,1500000,LF
907,2000,2000,cruzjo02,-20.3796642784,-0.0312207930813,-0.0160227127849,0.000697587654665,0.0062434948463,-0.00821478742029,Jose,Cruz,1500000,OF
921,2000,2000,cruzjo02,-20.3796642784,-0.0312207930813,-0.0160227127849,0.000697587654665,0.0062434948463,-0.00821478742029,Jose,Cruz,1500000,DH
924,2000,2000,cruzjo02,-20.3796642784,-0.0312207930813,-0.0160227127849,0.000697587654665,0.0062434948463,-0.00821478742029,Jose,Cruz,1500000,RF
952,2001,2000,delgaca01,30.7643811749,-0.0139666984973,0.00523962878532,-0.00461255132346,0.0138795403709,0.0583165493076,Carlos,Delgado,12000000,C
953,2001,2000,delgaca01,30.7643811749,-0.0139666984973,0.00523962878532,-0.00461255132346,0.0138795403709,0.0583165493076,Carlos,Delgado,12000000,DH
955,2001,2000,delgaca01,30.7643811749,-0.0139666984973,0.00523962878532,-0.00461255132346,0.0138795403709,0.0583165493076,Carlos,Delgado,12000000,LF
956,2001,2000,delgaca01,30.7643811749,-0.0139666984973,0.00523962878532,-0.00461255132346,0.0138795403709,0.0583165493076,Carlos,Delgado,12000000,OF
957,2001,2000,delgaca01,30.7643811749,-0.0139666984973,0.00523962878532,-0.00461255132346,0.0138795403709,0.0583165493076,Carlos,Delgado,12000000,1B
986,1987,1987,doranbi02,4.49123330804,0.0252610671401,-0.00359224372285,-6.01883896596e-06,-0.0078335189142,0.00054470492642,Bill,Doran,933000,2B
989,1987,1987,doranbi02,4.49123330804,0.0252610671401,-0.00359224372285,-6.01883896596e-06,-0.0078335189142,0.00054470492642,Bill,Doran,933000,SS
998,1987,1987,doranbi02,4.49123330804,0.0252610671401,-0.00359224372285,-6.01883896596e-06,-0.0078335189142,0.00054470492642,Bill,Doran,933000,3B
999,1987,1987,doranbi02,4.49123330804,0.0252610671401,-0.00359224372285,-6.01883896596e-06,-0.0078335189142,0.00054470492642,Bill,Doran,933000,1B
1001,1987,1987,doranbi02,4.49123330804,0.0252610671401,-0.00359224372285,-6.01883896596e-06,-0.0078335189142,0.00054470492642,Bill,Doran,933000,LF
1002,1987,1987,doranbi02,4.49123330804,0.0252610671401,-0.00359224372285,-6.01883896596e-06,-0.0078335189142,0.00054470492642,Bill,Doran,933000,OF
1007,1984,1982,evansdw01,25.3976220609,-0.0265957588036,0.00648578715763,0.00281855840602,0.0131993214152,0.0413187907728,Dwight,Evans,1070000,LF
1008,1984,1982,evansdw01,25.3976220609,-0.0265957588036,0.00648578715763,0.00281855840602,0.0131993214152,0.0413187907728,Dwight,Evans,1070000,OF
1009,1984,1982,evansdw01,25.3976220609,-0.0265957588036,0.00648578715763,0.00281855840602,0.0131993214152,0.0413187907728,Dwight,Evans,1070000,RF
1010,1984,1982,evansdw01,25.3976220609,-0.0265957588036,0.00648578715763,0.00281855840602,0.0131993214152,0.0413187907728,Dwight,Evans,1070000,CF
1011,1984,1982,evansdw01,25.3976220609,-0.0265957588036,0.00648578715763,0.00281855840602,0.0131993214152,0.0413187907728,Dwight,Evans,1070000,DH
1059,1984,1982,evansdw01,25.3976220609,-0.0265957588036,0.00648578715763,0.00281855840602,0.0131993214152,0.0413187907728,Dwight,Evans,1070000,1B
1075,1986,1986,fernato01,-7.12641374975,0.0330009863582,-0.00413718240204,0.00533886141581,-0.0168541186457,-0.0277421084986,Tony,Fernandez,1500000,DH
1076,1986,1986,fernato01,-7.12641374975,0.0330009863582,-0.00413718240204,0.00533886141581,-0.0168541186457,-0.0277421084986,Tony,Fernandez,1500000,SS
1077,1986,1986,fernato01,-7.12641374975,0.0330009863582,-0.00413718240204,0.00533886141581,-0.0168541186457,-0.0277421084986,Tony,Fernandez,1500000,3B
1090,1986,1986,fernato01,-7.12641374975,0.0330009863582,-0.00413718240204,0.00533886141581,-0.0168541186457,-0.0277421084986,Tony,Fernandez,1500000,2B
1106,1991,1991,fieldce01,-0.12935120851,-0.0165803705986,-0.0184480516205,-0.00382639592017,0.00965234574367,0.025168813953,Cecil,Fielder,3518750,1B
1108,1991,1991,fieldce01,-0.12935120851,-0.0165803705986,-0.0184480516205,-0.00382639592017,0.00965234574367,0.025168813953,Cecil,Fielder,3518750,3B
1109,1991,1991,fieldce01,-0.12935120851,-0.0165803705986,-0.0184480516205,-0.00382639592017,0.00965234574367,0.025168813953,Cecil,Fielder,3518750,DH
1110,1991,1991,fieldce01,-0.12935120851,-0.0165803705986,-0.0184480516205,-0.00382639592017,0.00965234574367,0.025168813953,Cecil,Fielder,3518750,LF
1111,1991,1991,fieldce01,-0.12935120851,-0.0165803705986,-0.0184480516205,-0.00382639592017,0.00965234574367,0.025168813953,Cecil,Fielder,3518750,OF
1116,1991,1991,fieldce01,-0.12935120851,-0.0165803705986,-0.0184480516205,-0.00382639592017,0.00965234574367,0.025168813953,Cecil,Fielder,3518750,2B
1141,2013,2009,fieldpr01,3.24024071696,-0.00206067689313,0.00122216209478,-0.00230334982704,0.00260154149564,0.00880966811011,Prince,Fielder,9000000,1B
1142,2013,2009,fieldpr01,3.24024071696,-0.00206067689313,0.00122216209478,-0.00230334982704,0.00260154149564,0.00880966811011,Prince,Fielder,9000000,DH
1155,1992,1992,finlest01,6.12990314148,0.021572091865,-0.00163758554855,0.0110053944166,-0.00819182823397,-0.0219933243136,Steve,Finley,3400000,CF
1156,1992,1992,finlest01,6.12990314148,0.021572091865,-0.00163758554855,0.0110053944166,-0.00819182823397,-0.0219933243136,Steve,Finley,3400000,DH
1157,1992,1992,finlest01,6.12990314148,0.021572091865,-0.00163758554855,0.0110053944166,-0.00819182823397,-0.0219933243136,Steve,Finley,3400000,LF
1158,1992,1992,finlest01,6.12990314148,0.021572091865,-0.00163758554855,0.0110053944166,-0.00819182823397,-0.0219933243136,Steve,Finley,3400000,OF
1159,1992,1992,finlest01,6.12990314148,0.021572091865,-0.00163758554855,0.0110053944166,-0.00819182823397,-0.0219933243136,Steve,Finley,3400000,RF
1191,1992,1992,finlest01,6.12990314148,0.021572091865,-0.00163758554855,0.0110053944166,-0.00819182823397,-0.0219933243136,Steve,Finley,3400000,P
1209,2007,2006,francje02,-16.1678928775,-0.00226175616318,-0.00749934211566,-0.00325560341582,0.0057124687341,-0.0255327721788,Jeff,Francoeur,2937500,OF
1210,2007,2006,francje02,-16.1678928775,-0.00226175616318,-0.00749934211566,-0.00325560341582,0.0057124687341,-0.0255327721788,Jeff,Francoeur,2937500,RF
1211,2007,2006,francje02,-16.1678928775,-0.00226175616318,-0.00749934211566,-0.00325560341582,0.0057124687341,-0.0255327721788,Jeff,Francoeur,2937500,CF
1222,2007,2006,francje02,-16.1678928775,-0.00226175616318,-0.00749934211566,-0.00325560341582,0.0057124687341,-0.0255327721788,Jeff,Francoeur,2937500,DH
1223,2007,2006,francje02,-16.1678928775,-0.00226175616318,-0.00749934211566,-0.00325560341582,0.0057124687341,-0.0255327721788,Jeff,Francoeur,2937500,LF
1235,1984,1984,gaettga01,-42.4898590696,0.0177140015349,-0.000688695585667,-0.00230252861346,-0.0289115332993,-0.0445173355621,Gary,Gaetti,1065000,3B
1236,1984,1984,gaettga01,-42.4898590696,0.0177140015349,-0.000688695585667,-0.00230252861346,-0.0289115332993,-0.0445173355621,Gary,Gaetti,1065000,DH
1239,1984,1984,gaettga01,-42.4898590696,0.0177140015349,-0.000688695585667,-0.00230252861346,-0.0289115332993,-0.0445173355621,Gary,Gaetti,1065000,SS
1244,1984,1984,gaettga01,-42.4898590696,0.0177140015349,-0.000688695585667,-0.00230252861346,-0.0289115332993,-0.0445173355621,Gary,Gaetti,1065000,LF
1245,1984,1984,gaettga01,-42.4898590696,0.0177140015349,-0.000688695585667,-0.00230252861346,-0.0289115332993,-0.0445173355621,Gary,Gaetti,1065000,OF
1247,1984,1984,gaettga01,-42.4898590696,0.0177140015349,-0.000688695585667,-0.00230252861346,-0.0289115332993,-0.0445173355621,Gary,Gaetti,1065000,1B
1252,1984,1984,gaettga01,-42.4898590696,0.0177140015349,-0.000688695585667,-0.00230252861346,-0.0289115332993,-0.0445173355621,Gary,Gaetti,1065000,2B
1287,1984,1984,gaettga01,-42.4898590696,0.0177140015349,-0.000688695585667,-0.00230252861346,-0.0289115332993,-0.0445173355621,Gary,Gaetti,1065000,P
1294,1984,1984,gaettga01,-42.4898590696,0.0177140015349,-0.000688695585667,-0.00230252861346,-0.0289115332993,-0.0445173355621,Gary,Gaetti,1065000,RF
1300,1985,1976,garvest01,-3.86385992867,0.0133642306476,-0.000550306832371,-0.00278651750148,0.00588582746814,-0.0243552832381,Steve,Garvey,1250000,2B
1301,1985,1976,garvest01,-3.86385992867,0.0133642306476,-0.000550306832371,-0.00278651750148,0.00588582746814,-0.0243552832381,Steve,Garvey,1250000,3B
1303,1985,1976,garvest01,-3.86385992867,0.0133642306476,-0.000550306832371,-0.00278651750148,0.00588582746814,-0.0243552832381,Steve,Garvey,1250000,1B
1306,1985,1976,garvest01,-3.86385992867,0.0133642306476,-0.000550306832371,-0.00278651750148,0.00588582746814,-0.0243552832381,Steve,Garvey,1250000,LF
1307,1985,1976,garvest01,-3.86385992867,0.0133642306476,-0.000550306832371,-0.00278651750148,0.00588582746814,-0.0243552832381,Steve,Garvey,1250000,OF
1308,1985,1976,garvest01,-3.86385992867,0.0133642306476,-0.000550306832371,-0.00278651750148,0.00588582746814,-0.0243552832381,Steve,Garvey,1250000,RF
1323,2008,2008,gonzaad01,1.63415471094,-0.0169423534686,-0.00160235771354,-0.00390077628716,0.0130563395697,0.00845570174397,Adrian,Gonzalez,3125000,1B
1324,2008,2008,gonzaad01,1.63415471094,-0.0169423534686,-0.00160235771354,-0.00390077628716,0.0130563395697,0.00845570174397,Adrian,Gonzalez,3125000,DH
1327,2008,2008,gonzaad01,1.63415471094,-0.0169423534686,-0.00160235771354,-0.00390077628716,0.0130563395697,0.00845570174397,Adrian,Gonzalez,3125000,OF
1328,2008,2008,gonzaad01,1.63415471094,-0.0169423534686,-0.00160235771354,-0.00390077628716,0.0130563395697,0.00845570174397,Adrian,Gonzalez,3125000,RF
1342,2001,2000,gonzalu01,24.8430366007,0.000554287307289,0.000579158516647,0.000308290250231,0.0182556857851,0.0149781636632,Luis,Gonzalez,2025000,1B
1343,2001,2000,gonzalu01,24.8430366007,0.000554287307289,0.000579158516647,0.000308290250231,0.0182556857851,0.0149781636632,Luis,Gonzalez,2025000,3B
1344,2001,2000,gonzalu01,24.8430366007,0.000554287307289,0.000579158516647,0.000308290250231,0.0182556857851,0.0149781636632,Luis,Gonzalez,2025000,LF
1345,2001,2000,gonzalu01,24.8430366007,0.000554287307289,0.000579158516647,0.000308290250231,0.0182556857851,0.0149781636632,Luis,Gonzalez,2025000,OF
1352,2001,2000,gonzalu01,24.8430366007,0.000554287307289,0.000579158516647,0.000308290250231,0.0182556857851,0.0149781636632,Luis,Gonzalez,2025000,CF
1364,2001,2000,gonzalu01,24.8430366007,0.000554287307289,0.000579158516647,0.000308290250231,0.0182556857851,0.0149781636632,Luis,Gonzalez,2025000,DH
1392,2001,2000,gonzalu01,24.8430366007,0.000554287307289,0.000579158516647,0.000308290250231,0.0182556857851,0.0149781636632,Luis,Gonzalez,2025000,RF
1393,2000,2000,greensh01,-6.91689510357,-0.0155192246201,-0.000643314734845,-0.00100652425716,-0.00546485614989,0.0150153948603,Shawn,Green,7833333,DH
1394,2000,2000,greensh01,-6.91689510357,-0.0155192246201,-0.000643314734845,-0.00100652425716,-0.00546485614989,0.0150153948603,Shawn,Green,7833333,OF
1395,2000,2000,greensh01,-6.91689510357,-0.0155192246201,-0.000643314734845,-0.00100652425716,-0.00546485614989,0.0150153948603,Shawn,Green,7833333,RF
1396,2000,2000,greensh01,-6.91689510357,-0.0155192246201,-0.000643314734845,-0.00100652425716,-0.00546485614989,0.0150153948603,Shawn,Green,7833333,LF
1401,2000,2000,greensh01,-6.91689510357,-0.0155192246201,-0.000643314734845,-0.00100652425716,-0.00546485614989,0.0150153948603,Shawn,Green,7833333,CF
1417,2000,2000,greensh01,-6.91689510357,-0.0155192246201,-0.000643314734845,-0.00100652425716,-0.00546485614989,0.0150153948603,Shawn,Green,7833333,1B
1444,1973,1973,grichbo01,10.9416687459,-0.0250289679208,0.00422029747882,0.00456670428258,-0.00558512556396,0.0421268377456,Bobby,Grich,600000,2B
1445,1973,1973,grichbo01,10.9416687459,-0.0250289679208,0.00422029747882,0.00456670428258,-0.00558512556396,0.0421268377456,Bobby,Grich,600000,3B
1446,1973,1973,grichbo01,10.9416687459,-0.0250289679208,0.00422029747882,0.00456670428258,-0.00558512556396,0.0421268377456,Bobby,Grich,600000,SS
1449,1973,1973,grichbo01,10.9416687459,-0.0250289679208,0.00422029747882,0.00456670428258,-0.00558512556396,0.0421268377456,Bobby,Grich,600000,1B
1458,1973,1973,grichbo01,10.9416687459,-0.0250289679208,0.00422029747882,0.00456670428258,-0.00558512556396,0.0421268377456,Bobby,Grich,600000,DH
1479,1986,1982,griffal01,-27.6502906657,0.0153705074242,-0.0119349534191,0.0055695619103,-0.0241801745314,-0.0315093505631,Alfredo,Griffin,637500,DH
1480,1986,1982,griffal01,-27.6502906657,0.0153705074242,-0.0119349534191,0.0055695619103,-0.0241801745314,-0.0315093505631,Alfredo,Griffin,637500,SS
1486,1986,1982,griffal01,-27.6502906657,0.0153705074242,-0.0119349534191,0.0055695619103,-0.0241801745314,-0.0315093505631,Alfredo,Griffin,637500,2B
1487,1986,1982,griffal01,-27.6502906657,0.0153705074242,-0.0119349534191,0.0055695619103,-0.0241801745314,-0.0315093505631,Alfredo,Griffin,637500,3B
1509,1989,1989,guerrpe01,17.8531434512,0.0140377395486,0.0153370406167,-0.00718805951015,-0.00318736878908,0.0325755632107,Pedro,Guerrero,1776666,1B
1511,1989,1989,guerrpe01,17.8531434512,0.0140377395486,0.0153370406167,-0.00718805951015,-0.00318736878908,0.0325755632107,Pedro,Guerrero,1776666,3B
1512,1989,1989,guerrpe01,17.8531434512,0.0140377395486,0.0153370406167,-0.00718805951015,-0.00318736878908,0.0325755632107,Pedro,Guerrero,1776666,CF
1513,1989,1989,guerrpe01,17.8531434512,0.0140377395486,0.0153370406167,-0.00718805951015,-0.00318736878908,0.0325755632107,Pedro,Guerrero,1776666,LF
1514,1989,1989,guerrpe01,17.8531434512,0.0140377395486,0.0153370406167,-0.00718805951015,-0.00318736878908,0.0325755632107,Pedro,Guerrero,1776666,OF
1515,1989,1989,guerrpe01,17.8531434512,0.0140377395486,0.0153370406167,-0.00718805951015,-0.00318736878908,0.0325755632107,Pedro,Guerrero,1776666,RF
1517,1989,1989,guerrpe01,17.8531434512,0.0140377395486,0.0153370406167,-0.00718805951015,-0.00318736878908,0.0325755632107,Pedro,Guerrero,1776666,2B
1566,1982,1982,harrato01,26.5009747714,0.00324660674353,-0.000461403423801,-0.000628358471,0.0112047805722,0.0316529390802,Toby,Harrah,675000,SS
1567,1982,1982,harrato01,26.5009747714,0.00324660674353,-0.000461403423801,-0.000628358471,0.0112047805722,0.0316529390802,Toby,Harrah,675000,3B
1574,1982,1982,harrato01,26.5009747714,0.00324660674353,-0.000461403423801,-0.000628358471,0.0112047805722,0.0316529390802,Toby,Harrah,675000,2B
1578,1982,1982,harrato01,26.5009747714,0.00324660674353,-0.000461403423801,-0.000628358471,0.0112047805722,0.0316529390802,Toby,Harrah,675000,DH
1602,1982,1982,harrato01,26.5009747714,0.00324660674353,-0.000461403423801,-0.000628358471,0.0112047805722,0.0316529390802,Toby,Harrah,675000,OF
1603,1982,1982,harrato01,26.5009747714,0.00324660674353,-0.000461403423801,-0.000628358471,0.0112047805722,0.0316529390802,Toby,Harrah,675000,RF
1608,2008,2008,howarry01,3.282493023,-0.0576793655704,-0.0103525412325,0.0004386603621,0.0303469706651,0.0184307431668,Ryan,Howard,17000000,1B
1612,2008,2008,howarry01,3.282493023,-0.0576793655704,-0.0103525412325,0.0004386603621,0.0303469706651,0.0184307431668,Ryan,Howard,17000000,DH
1622,2003,2003,huffau01,10.4284234189,-0.00693121805076,0.011844972518,0.000806718925177,0.0156410379881,-0.0126861766988,Aubrey,Huff,5916667,3B
1623,2003,2003,huffau01,10.4284234189,-0.00693121805076,0.011844972518,0.000806718925177,0.0156410379881,-0.0126861766988,Aubrey,Huff,5916667,1B
1625,2003,2003,huffau01,10.4284234189,-0.00693121805076,0.011844972518,0.000806718925177,0.0156410379881,-0.0126861766988,Aubrey,Huff,5916667,DH
1632,2003,2003,huffau01,10.4284234189,-0.00693121805076,0.011844972518,0.000806718925177,0.0156410379881,-0.0126861766988,Aubrey,Huff,5916667,OF
1633,2003,2003,huffau01,10.4284234189,-0.00693121805076,0.011844972518,0.000806718925177,0.0156410379881,-0.0126861766988,Aubrey,Huff,5916667,RF
1637,2003,2003,huffau01,10.4284234189,-0.00693121805076,0.011844972518,0.000806718925177,0.0156410379881,-0.0126861766988,Aubrey,Huff,5916667,LF
1668,2003,2003,huffau01,10.4284234189,-0.00693121805076,0.011844972518,0.000806718925177,0.0156410379881,-0.0126861766988,Aubrey,Huff,5916667,2B
1670,1997,1997,huntebr02,-15.7643993258,0.032255675191,-0.00675785259466,0.0047090535657,-0.0314081692087,-0.0140736340232,Brian,Hunter,436250,CF
1671,1997,1997,huntebr02,-15.7643993258,0.032255675191,-0.00675785259466,0.0047090535657,-0.0314081692087,-0.0140736340232,Brian,Hunter,436250,OF
1682,1997,1997,huntebr02,-15.7643993258,0.032255675191,-0.00675785259466,0.0047090535657,-0.0314081692087,-0.0140736340232,Brian,Hunter,436250,LF
1691,1997,1997,huntebr02,-15.7643993258,0.032255675191,-0.00675785259466,0.0047090535657,-0.0314081692087,-0.0140736340232,Brian,Hunter,436250,RF
1693,1997,1997,huntebr02,-15.7643993258,0.032255675191,-0.00675785259466,0.0047090535657,-0.0314081692087,-0.0140736340232,Brian,Hunter,436250,DH
1703,2008,2005,ibanera01,-7.61105728752,0.00210386459424,0.00435187164829,-0.00233464058846,-0.00750722635098,-0.00157936268818,Raul,Ibanez,3458333,DH
1705,2008,2005,ibanera01,-7.61105728752,0.00210386459424,0.00435187164829,-0.00233464058846,-0.00750722635098,-0.00157936268818,Raul,Ibanez,3458333,LF
1706,2008,2005,ibanera01,-7.61105728752,0.00210386459424,0.00435187164829,-0.00233464058846,-0.00750722635098,-0.00157936268818,Raul,Ibanez,3458333,OF
1707,2008,2005,ibanera01,-7.61105728752,0.00210386459424,0.00435187164829,-0.00233464058846,-0.00750722635098,-0.00157936268818,Raul,Ibanez,3458333,RF
1708,2008,2005,ibanera01,-7.61105728752,0.00210386459424,0.00435187164829,-0.00233464058846,-0.00750722635098,-0.00157936268818,Raul,Ibanez,3458333,1B
1714,2008,2005,ibanera01,-7.61105728752,0.00210386459424,0.00435187164829,-0.00233464058846,-0.00750722635098,-0.00157936268818,Raul,Ibanez,3458333,C
1725,2008,2005,ibanera01,-7.61105728752,0.00210386459424,0.00435187164829,-0.00233464058846,-0.00750722635098,-0.00157936268818,Raul,Ibanez,3458333,3B
1726,2008,2005,ibanera01,-7.61105728752,0.00210386459424,0.00435187164829,-0.00233464058846,-0.00750722635098,-0.00157936268818,Raul,Ibanez,3458333,CF
1772,2012,2012,jonesad01,-12.2872774475,-0.0121382379447,0.00743265259394,-0.00343305182015,0.00942291264872,-0.0269022688378,Adam,Jones,1857500,CF
1773,2012,2012,jonesad01,-12.2872774475,-0.0121382379447,0.00743265259394,-0.00343305182015,0.00942291264872,-0.0269022688378,Adam,Jones,1857500,OF
1775,2012,2012,jonesad01,-12.2872774475,-0.0121382379447,0.00743265259394,-0.00343305182015,0.00942291264872,-0.0269022688378,Adam,Jones,1857500,LF
1777,2012,2012,jonesad01,-12.2872774475,-0.0121382379447,0.00743265259394,-0.00343305182015,0.00942291264872,-0.0269022688378,Adam,Jones,1857500,RF
1787,1999,1999,jonesan01,-16.6547461119,-0.00784706271006,0.00358031504639,0.00513970430048,-0.0118034730958,-0.0205073845241,Andruw,Jones,3700000,CF
1788,1999,1999,jonesan01,-16.6547461119,-0.00784706271006,0.00358031504639,0.00513970430048,-0.0118034730958,-0.0205073845241,Andruw,Jones,3700000,OF
1789,1999,1999,jonesan01,-16.6547461119,-0.00784706271006,0.00358031504639,0.00513970430048,-0.0118034730958,-0.0205073845241,Andruw,Jones,3700000,RF
1791,1999,1999,jonesan01,-16.6547461119,-0.00784706271006,0.00358031504639,0.00513970430048,-0.0118034730958,-0.0205073845241,Andruw,Jones,3700000,LF
1803,1999,1999,jonesan01,-16.6547461119,-0.00784706271006,0.00358031504639,0.00513970430048,-0.0118034730958,-0.0205073845241,Andruw,Jones,3700000,DH
1819,1999,1999,jonesan01,-16.6547461119,-0.00784706271006,0.00358031504639,0.00513970430048,-0.0118034730958,-0.0205073845241,Andruw,Jones,3700000,1B
1833,1979,1979,jonesru01,9.70288078131,-0.0345849170717,-0.00349056654607,0.00601475045191,0.00160073196747,0.039345879326,Ruppert,Jones,450000,CF
1834,1979,1979,jonesru01,9.70288078131,-0.0345849170717,-0.00349056654607,0.00601475045191,0.00160073196747,0.039345879326,Ruppert,Jones,450000,DH
1835,1979,1979,jonesru01,9.70288078131,-0.0345849170717,-0.00349056654607,0.00601475045191,0.00160073196747,0.039345879326,Ruppert,Jones,450000,LF
1836,1979,1979,jonesru01,9.70288078131,-0.0345849170717,-0.00349056654607,0.00601475045191,0.00160073196747,0.039345879326,Ruppert,Jones,450000,OF
1837,1979,1979,jonesru01,9.70288078131,-0.0345849170717,-0.00349056654607,0.00601475045191,0.00160073196747,0.039345879326,Ruppert,Jones,450000,RF
1851,1979,1979,jonesru01,9.70288078131,-0.0345849170717,-0.00349056654607,0.00601475045191,0.00160073196747,0.039345879326,Ruppert,Jones,450000,1B
1872,1997,1997,karroer01,-10.2419215212,-0.000221932680154,-0.0061744945371,-0.00495945472159,0.00805971201883,-0.0166997476156,Eric,Karros,4500000,1B
1880,1997,1997,karroer01,-10.2419215212,-0.000221932680154,-0.0061744945371,-0.00495945472159,0.00805971201883,-0.0166997476156,Eric,Karros,4500000,DH
1889,1990,1990,kellyro01,7.80692144168,0.028274754823,0.00394415099594,0.00223422122053,-0.00646771147872,-0.0107099036696,Roberto,Kelly,900000,CF
1890,1990,1990,kellyro01,7.80692144168,0.028274754823,0.00394415099594,0.00223422122053,-0.00646771147872,-0.0107099036696,Roberto,Kelly,900000,DH
1891,1990,1990,kellyro01,7.80692144168,0.028274754823,0.00394415099594,0.00223422122053,-0.00646771147872,-0.0107099036696,Roberto,Kelly,900000,OF
1892,1990,1990,kellyro01,7.80692144168,0.028274754823,0.00394415099594,0.00223422122053,-0.00646771147872,-0.0107099036696,Roberto,Kelly,900000,RF
1895,1990,1990,kellyro01,7.80692144168,0.028274754823,0.00394415099594,0.00223422122053,-0.00646771147872,-0.0107099036696,Roberto,Kelly,900000,LF
1948,2010,2010,kempma01,-3.27228013913,-0.0512240063175,-0.00160568570676,0.00251118715451,0.017236114767,0.00942353250855,Matt,Kemp,4000000,CF
1949,2010,2010,kempma01,-3.27228013913,-0.0512240063175,-0.00160568570676,0.00251118715451,0.017236114767,0.00942353250855,Matt,Kemp,4000000,LF
1950,2010,2010,kempma01,-3.27228013913,-0.0512240063175,-0.00160568570676,0.00251118715451,0.017236114767,0.00942353250855,Matt,Kemp,4000000,OF
1951,2010,2010,kempma01,-3.27228013913,-0.0512240063175,-0.00160568570676,0.00251118715451,0.017236114767,0.00942353250855,Matt,Kemp,4000000,RF
1966,1980,1980,knighra01,-12.8693723969,-0.0204177515995,0.0111308880314,0.0043598628962,-0.00327743976176,-0.0200493476726,Ray,Knight,580000,3B
1967,1980,1980,knighra01,-12.8693723969,-0.0204177515995,0.0111308880314,0.0043598628962,-0.00327743976176,-0.0200493476726,Ray,Knight,580000,2B
1969,1980,1980,knighra01,-12.8693723969,-0.0204177515995,0.0111308880314,0.0043598628962,-0.00327743976176,-0.0200493476726,Ray,Knight,580000,LF
1970,1980,1980,knighra01,-12.8693723969,-0.0204177515995,0.0111308880314,0.0043598628962,-0.00327743976176,-0.0200493476726,Ray,Knight,580000,OF
1971,1980,1980,knighra01,-12.8693723969,-0.0204177515995,0.0111308880314,0.0043598628962,-0.00327743976176,-0.0200493476726,Ray,Knight,580000,SS
1972,1980,1980,knighra01,-12.8693723969,-0.0204177515995,0.0111308880314,0.0043598628962,-0.00327743976176,-0.0200493476726,Ray,Knight,580000,1B
1977,1980,1980,knighra01,-12.8693723969,-0.0204177515995,0.0111308880314,0.0043598628962,-0.00327743976176,-0.0200493476726,Ray,Knight,580000,RF
1996,1980,1980,knighra01,-12.8693723969,-0.0204177515995,0.0111308880314,0.0043598628962,-0.00327743976176,-0.0200493476726,Ray,Knight,580000,DH
2002,2007,2005,leeca01,-5.39092192196,-0.022564380314,0.00984786577355,-0.00630782304718,0.0139510890154,-0.00525292056833,Carlos,Lee,8250000,1B
2003,2007,2005,leeca01,-5.39092192196,-0.022564380314,0.00984786577355,-0.00630782304718,0.0139510890154,-0.00525292056833,Carlos,Lee,8250000,DH
2004,2007,2005,leeca01,-5.39092192196,-0.022564380314,0.00984786577355,-0.00630782304718,0.0139510890154,-0.00525292056833,Carlos,Lee,8250000,LF
2005,2007,2005,leeca01,-5.39092192196,-0.022564380314,0.00984786577355,-0.00630782304718,0.0139510890154,-0.00525292056833,Carlos,Lee,8250000,OF
2047,2002,2002,leede02,17.7184526271,-0.0146355711943,0.00115962103831,0.0049210143244,-0.0058917725042,0.04742261983,Derrek,Lee,6708333,1B
2057,2002,2002,leede02,17.7184526271,-0.0146355711943,0.00115962103831,0.0049210143244,-0.0058917725042,0.04742261983,Derrek,Lee,6708333,DH
2069,2002,2001,longte01,-28.5429294092,0.0141935658574,0.000346546745617,0.00068771515092,-0.0257556731966,-0.0272793786538,Terrence,Long,2175000,CF
2070,2002,2001,longte01,-28.5429294092,0.0141935658574,0.000346546745617,0.00068771515092,-0.0257556731966,-0.0272793786538,Terrence,Long,2175000,OF
2072,2002,2001,longte01,-28.5429294092,0.0141935658574,0.000346546745617,0.00068771515092,-0.0257556731966,-0.0272793786538,Terrence,Long,2175000,LF
2074,2002,2001,longte01,-28.5429294092,0.0141935658574,0.000346546745617,0.00068771515092,-0.0257556731966,-0.0272793786538,Terrence,Long,2175000,RF
2077,2002,2001,longte01,-28.5429294092,0.0141935658574,0.000346546745617,0.00068771515092,-0.0257556731966,-0.0272793786538,Terrence,Long,2175000,DH
2096,2005,2003,matsuhi01,-0.0800694930108,-0.0102986485127,0.00763382693021,-0.00292820443807,-0.000646626005168,0.0124736835278,Hideki,Matsui,8000000,CF
2097,2005,2003,matsuhi01,-0.0800694930108,-0.0102986485127,0.00763382693021,-0.00292820443807,-0.000646626005168,0.0124736835278,Hideki,Matsui,8000000,DH
2098,2005,2003,matsuhi01,-0.0800694930108,-0.0102986485127,0.00763382693021,-0.00292820443807,-0.000646626005168,0.0124736835278,Hideki,Matsui,8000000,LF
2099,2005,2003,matsuhi01,-0.0800694930108,-0.0102986485127,0.00763382693021,-0.00292820443807,-0.000646626005168,0.0124736835278,Hideki,Matsui,8000000,OF
2107,2005,2003,matsuhi01,-0.0800694930108,-0.0102986485127,0.00763382693021,-0.00292820443807,-0.000646626005168,0.0124736835278,Hideki,Matsui,8000000,RF
2125,1982,1982,matthga01,0.0295940406563,-8.35061981735e-05,0.00271908955261,-0.00499298660126,0.00262086942078,0.00597815303676,Gary,Matthews,725000,LF
2126,1982,1982,matthga01,0.0295940406563,-8.35061981735e-05,0.00271908955261,-0.00499298660126,0.00262086942078,0.00597815303676,Gary,Matthews,725000,OF
2127,1982,1982,matthga01,0.0295940406563,-8.35061981735e-05,0.00271908955261,-0.00499298660126,0.00262086942078,0.00597815303676,Gary,Matthews,725000,RF
2158,1982,1982,matthga01,0.0295940406563,-8.35061981735e-05,0.00271908955261,-0.00499298660126,0.00262086942078,0.00597815303676,Gary,Matthews,725000,DH
2161,1986,1986,mattido01,25.7625758388,0.015729968362,0.022247069929,-0.0045264545736,0.0116060325381,0.00704550517698,Don,Mattingly,2500000,1B
2162,1986,1986,mattido01,25.7625758388,0.015729968362,0.022247069929,-0.0045264545736,0.0116060325381,0.00704550517698,Don,Mattingly,2500000,LF
2163,1986,1986,mattido01,25.7625758388,0.015729968362,0.022247069929,-0.0045264545736,0.0116060325381,0.00704550517698,Don,Mattingly,2500000,OF
2164,1986,1986,mattido01,25.7625758388,0.015729968362,0.022247069929,-0.0045264545736,0.0116060325381,0.00704550517698,Don,Mattingly,2500000,RF
2166,1986,1986,mattido01,25.7625758388,0.015729968362,0.022247069929,-0.0045264545736,0.0116060325381,0.00704550517698,Don,Mattingly,2500000,2B
2171,1986,1986,mattido01,25.7625758388,0.015729968362,0.022247069929,-0.0045264545736,0.0116060325381,0.00704550517698,Don,Mattingly,2500000,CF
2177,1986,1986,mattido01,25.7625758388,0.015729968362,0.022247069929,-0.0045264545736,0.0116060325381,0.00704550517698,Don,Mattingly,2500000,3B
2178,1986,1986,mattido01,25.7625758388,0.015729968362,0.022247069929,-0.0045264545736,0.0116060325381,0.00704550517698,Don,Mattingly,2500000,DH
2202,1977,1977,mcraeha01,0.422500188943,-0.0337590642824,0.0231788112797,0.00285245590229,-0.00156924081185,0.0105981654127,Hal,McRae,725000,2B
2204,1977,1977,mcraeha01,0.422500188943,-0.0337590642824,0.0231788112797,0.00285245590229,-0.00156924081185,0.0105981654127,Hal,McRae,725000,3B
2205,1977,1977,mcraeha01,0.422500188943,-0.0337590642824,0.0231788112797,0.00285245590229,-0.00156924081185,0.0105981654127,Hal,McRae,725000,LF
2206,1977,1977,mcraeha01,0.422500188943,-0.0337590642824,0.0231788112797,0.00285245590229,-0.00156924081185,0.0105981654127,Hal,McRae,725000,OF
2207,1977,1977,mcraeha01,0.422500188943,-0.0337590642824,0.0231788112797,0.00285245590229,-0.00156924081185,0.0105981654127,Hal,McRae,725000,RF
2208,1977,1977,mcraeha01,0.422500188943,-0.0337590642824,0.0231788112797,0.00285245590229,-0.00156924081185,0.0105981654127,Hal,McRae,725000,CF
2216,1977,1977,mcraeha01,0.422500188943,-0.0337590642824,0.0231788112797,0.00285245590229,-0.00156924081185,0.0105981654127,Hal,McRae,725000,DH
2255,1980,1979,morenom01,-8.46407892061,0.0126910907932,-0.018787914969,0.0103812650741,-0.0196670161849,-0.00492420880945,Omar,Moreno,600000,LF
2256,1980,1979,morenom01,-8.46407892061,0.0126910907932,-0.018787914969,0.0103812650741,-0.0196670161849,-0.00492420880945,Omar,Moreno,600000,OF
2257,1980,1979,morenom01,-8.46407892061,0.0126910907932,-0.018787914969,0.0103812650741,-0.0196670161849,-0.00492420880945,Omar,Moreno,600000,CF
2259,1980,1979,morenom01,-8.46407892061,0.0126910907932,-0.018787914969,0.0103812650741,-0.0196670161849,-0.00492420880945,Omar,Moreno,600000,RF
2277,1980,1979,morenom01,-8.46407892061,0.0126910907932,-0.018787914969,0.0103812650741,-0.0196670161849,-0.00492420880945,Omar,Moreno,600000,DH
2291,2008,2008,morneju01,5.85532296478,-0.00455820219664,0.0192597434247,0.000372409008606,-0.00621342468984,0.00993607743596,Justin,Morneau,11600000,1B
2292,2008,2008,morneju01,5.85532296478,-0.00455820219664,0.0192597434247,0.000372409008606,-0.00621342468984,0.00993607743596,Justin,Morneau,11600000,DH
2311,1980,1980,morriji01,-10.9337857908,0.00333989366048,0.0139978605085,-0.00634350101818,-0.00124666759051,-0.0188452192323,Jim,Morrison,297500,3B
2312,1980,1980,morriji01,-10.9337857908,0.00333989366048,0.0139978605085,-0.00634350101818,-0.00124666759051,-0.0188452192323,Jim,Morrison,297500,2B
2314,1980,1980,morriji01,-10.9337857908,0.00333989366048,0.0139978605085,-0.00634350101818,-0.00124666759051,-0.0188452192323,Jim,Morrison,297500,LF
2315,1980,1980,morriji01,-10.9337857908,0.00333989366048,0.0139978605085,-0.00634350101818,-0.00124666759051,-0.0188452192323,Jim,Morrison,297500,OF
2319,1980,1980,morriji01,-10.9337857908,0.00333989366048,0.0139978605085,-0.00634350101818,-0.00124666759051,-0.0188452192323,Jim,Morrison,297500,DH
2320,1980,1980,morriji01,-10.9337857908,0.00333989366048,0.0139978605085,-0.00634350101818,-0.00124666759051,-0.0188452192323,Jim,Morrison,297500,SS
2334,1980,1980,morriji01,-10.9337857908,0.00333989366048,0.0139978605085,-0.00634350101818,-0.00124666759051,-0.0188452192323,Jim,Morrison,297500,1B
2353,1980,1980,morriji01,-10.9337857908,0.00333989366048,0.0139978605085,-0.00634350101818,-0.00124666759051,-0.0188452192323,Jim,Morrison,297500,RF
2364,1980,1980,morriji01,-10.9337857908,0.00333989366048,0.0139978605085,-0.00634350101818,-0.00124666759051,-0.0188452192323,Jim,Morrison,297500,P
2367,1985,1982,murphda05,26.0024928297,-0.0180352290199,-0.00590053081222,-0.00171589981724,0.0222040260187,0.0400257025799,Dale,Murphy,2000000,C
2369,1985,1982,murphda05,26.0024928297,-0.0180352290199,-0.00590053081222,-0.00171589981724,0.0222040260187,0.0400257025799,Dale,Murphy,2000000,1B
2374,1985,1982,murphda05,26.0024928297,-0.0180352290199,-0.00590053081222,-0.00171589981724,0.0222040260187,0.0400257025799,Dale,Murphy,2000000,CF
2375,1985,1982,murphda05,26.0024928297,-0.0180352290199,-0.00590053081222,-0.00171589981724,0.0222040260187,0.0400257025799,Dale,Murphy,2000000,LF
2376,1985,1982,murphda05,26.0024928297,-0.0180352290199,-0.00590053081222,-0.00171589981724,0.0222040260187,0.0400257025799,Dale,Murphy,2000000,OF
2377,1985,1982,murphda05,26.0024928297,-0.0180352290199,-0.00590053081222,-0.00171589981724,0.0222040260187,0.0400257025799,Dale,Murphy,2000000,RF
2418,1984,1984,murraed02,19.6449049378,0.0097092660828,-0.00916469959259,-0.00431509577492,0.00490369300069,0.0398192458057,Eddie,Murray,2331062,1B
2419,1984,1984,murraed02,19.6449049378,0.0097092660828,-0.00916469959259,-0.00431509577492,0.00490369300069,0.0398192458057,Eddie,Murray,2331062,DH
2420,1984,1984,murraed02,19.6449049378,0.0097092660828,-0.00916469959259,-0.00431509577492,0.00490369300069,0.0398192458057,Eddie,Murray,2331062,LF
2421,1984,1984,murraed02,19.6449049378,0.0097092660828,-0.00916469959259,-0.00431509577492,0.00490369300069,0.0398192458057,Eddie,Murray,2331062,OF
2423,1984,1984,murraed02,19.6449049378,0.0097092660828,-0.00916469959259,-0.00431509577492,0.00490369300069,0.0398192458057,Eddie,Murray,2331062,3B
2459,1999,1999,olerujo01,4.59429784343,0.00983287486522,0.00642589866668,-0.00234532563964,-0.0238134474813,0.0427739847486,John,Olerud,5750000,1B
2460,1999,1999,olerujo01,4.59429784343,0.00983287486522,0.00642589866668,-0.00234532563964,-0.0238134474813,0.0427739847486,John,Olerud,5750000,DH
2485,1980,1980,oliveal01,11.0054984862,0.0292841382648,0.0133683641056,-0.00202695425559,0.00265396190589,-0.0189801113186,Al,Oliver,750000,OF
2486,1980,1980,oliveal01,11.0054984862,0.0292841382648,0.0133683641056,-0.00202695425559,0.00265396190589,-0.0189801113186,Al,Oliver,750000,RF
2487,1980,1980,oliveal01,11.0054984862,0.0292841382648,0.0133683641056,-0.00202695425559,0.00265396190589,-0.0189801113186,Al,Oliver,750000,1B
2488,1980,1980,oliveal01,11.0054984862,0.0292841382648,0.0133683641056,-0.00202695425559,0.00265396190589,-0.0189801113186,Al,Oliver,750000,LF
2496,1980,1980,oliveal01,11.0054984862,0.0292841382648,0.0133683641056,-0.00202695425559,0.00265396190589,-0.0189801113186,Al,Oliver,750000,CF
2517,1980,1980,oliveal01,11.0054984862,0.0292841382648,0.0133683641056,-0.00202695425559,0.00265396190589,-0.0189801113186,Al,Oliver,750000,DH
2543,1989,1989,oquenjo01,9.535049203,0.0321855866301,-0.00528341726515,0.00229473048779,-0.0278067104777,0.0352592801343,Jose,Oquendo,675000,SS
2545,1989,1989,oquenjo01,9.535049203,0.0321855866301,-0.00528341726515,0.00229473048779,-0.0278067104777,0.0352592801343,Jose,Oquendo,675000,2B
2546,1989,1989,oquenjo01,9.535049203,0.0321855866301,-0.00528341726515,0.00229473048779,-0.0278067104777,0.0352592801343,Jose,Oquendo,675000,3B
2547,1989,1989,oquenjo01,9.535049203,0.0321855866301,-0.00528341726515,0.00229473048779,-0.0278067104777,0.0352592801343,Jose,Oquendo,675000,LF
2548,1989,1989,oquenjo01,9.535049203,0.0321855866301,-0.00528341726515,0.00229473048779,-0.0278067104777,0.0352592801343,Jose,Oquendo,675000,OF
2550,1989,1989,oquenjo01,9.535049203,0.0321855866301,-0.00528341726515,0.00229473048779,-0.0278067104777,0.0352592801343,Jose,Oquendo,675000,1B
2553,1989,1989,oquenjo01,9.535049203,0.0321855866301,-0.00528341726515,0.00229473048779,-0.0278067104777,0.0352592801343,Jose,Oquendo,675000,CF
2556,1989,1989,oquenjo01,9.535049203,0.0321855866301,-0.00528341726515,0.00229473048779,-0.0278067104777,0.0352592801343,Jose,Oquendo,675000,P
2557,1989,1989,oquenjo01,9.535049203,0.0321855866301,-0.00528341726515,0.00229473048779,-0.0278067104777,0.0352592801343,Jose,Oquendo,675000,RF
2562,1989,1989,oquenjo01,9.535049203,0.0321855866301,-0.00528341726515,0.00229473048779,-0.0278067104777,0.0352592801343,Jose,Oquendo,675000,C
2589,1998,1996,palmera01,7.53197867263,-0.019764446024,0.00117513364578,-0.00200488896892,0.0133395940222,0.0153371229961,Rafael,Palmeiro,4906603,LF
2590,1998,1996,palmera01,7.53197867263,-0.019764446024,0.00117513364578,-0.00200488896892,0.0133395940222,0.0153371229961,Rafael,Palmeiro,4906603,OF
2591,1998,1996,palmera01,7.53197867263,-0.019764446024,0.00117513364578,-0.00200488896892,0.0133395940222,0.0153371229961,Rafael,Palmeiro,4906603,RF
2592,1998,1996,palmera01,7.53197867263,-0.019764446024,0.00117513364578,-0.00200488896892,0.0133395940222,0.0153371229961,Rafael,Palmeiro,4906603,1B
2597,1998,1996,palmera01,7.53197867263,-0.019764446024,0.00117513364578,-0.00200488896892,0.0133395940222,0.0153371229961,Rafael,Palmeiro,4906603,CF
2602,1998,1996,palmera01,7.53197867263,-0.019764446024,0.00117513364578,-0.00200488896892,0.0133395940222,0.0153371229961,Rafael,Palmeiro,4906603,DH
2633,1986,1986,parkeda01,-4.02795971002,-0.035202052433,-0.00562262506395,-0.00293717627199,0.0138733238465,0.015250846259,Dave,Parker,1100000,CF
2634,1986,1986,parkeda01,-4.02795971002,-0.035202052433,-0.00562262506395,-0.00293717627199,0.0138733238465,0.015250846259,Dave,Parker,1100000,LF
2635,1986,1986,parkeda01,-4.02795971002,-0.035202052433,-0.00562262506395,-0.00293717627199,0.0138733238465,0.015250846259,Dave,Parker,1100000,OF
2636,1986,1986,parkeda01,-4.02795971002,-0.035202052433,-0.00562262506395,-0.00293717627199,0.0138733238465,0.015250846259,Dave,Parker,1100000,RF
2637,1986,1986,parkeda01,-4.02795971002,-0.035202052433,-0.00562262506395,-0.00293717627199,0.0138733238465,0.015250846259,Dave,Parker,1100000,1B
2646,1986,1986,parkeda01,-4.02795971002,-0.035202052433,-0.00562262506395,-0.00293717627199,0.0138733238465,0.015250846259,Dave,Parker,1100000,2B
2671,1986,1986,parkeda01,-4.02795971002,-0.035202052433,-0.00562262506395,-0.00293717627199,0.0138733238465,0.015250846259,Dave,Parker,1100000,DH
2681,2013,2013,pencehu01,-13.1271561604,-0.00772269178192,0.00498405838815,0.004459121896,0.00674122738265,-0.0465711546319,Hunter,Pence,5200000,CF
2682,2013,2013,pencehu01,-13.1271561604,-0.00772269178192,0.00498405838815,0.004459121896,0.00674122738265,-0.0465711546319,Hunter,Pence,5200000,OF
2683,2013,2013,pencehu01,-13.1271561604,-0.00772269178192,0.00498405838815,0.004459121896,0.00674122738265,-0.0465711546319,Hunter,Pence,5200000,RF
2695,1989,1989,pendlte01,-18.8172249422,0.0103205115453,-0.00675994502795,-0.00111854148335,-0.00959460342942,-0.0221790880148,Terry,Pendleton,1155000,3B
2698,1989,1989,pendlte01,-18.8172249422,0.0103205115453,-0.00675994502795,-0.00111854148335,-0.00959460342942,-0.0221790880148,Terry,Pendleton,1155000,OF
2699,1989,1989,pendlte01,-18.8172249422,0.0103205115453,-0.00675994502795,-0.00111854148335,-0.00959460342942,-0.0221790880148,Terry,Pendleton,1155000,RF
2713,1989,1989,pendlte01,-18.8172249422,0.0103205115453,-0.00675994502795,-0.00111854148335,-0.00959460342942,-0.0221790880148,Terry,Pendleton,1155000,DH
2714,2000,1998,perezne01,-28.4099528678,0.0333797596964,-0.0101852714619,0.00879359290533,-0.0307918805464,-0.0493362156895,Neifi,Perez,1856250,2B
2715,2000,1998,perezne01,-28.4099528678,0.0333797596964,-0.0101852714619,0.00879359290533,-0.0307918805464,-0.0493362156895,Neifi,Perez,1856250,SS
2717,2000,1998,perezne01,-28.4099528678,0.0333797596964,-0.0101852714619,0.00879359290533,-0.0307918805464,-0.0493362156895,Neifi,Perez,1856250,3B
2719,2000,1998,perezne01,-28.4099528678,0.0333797596964,-0.0101852714619,0.00879359290533,-0.0307918805464,-0.0493362156895,Neifi,Perez,1856250,C
2748,2007,2003,pierrju01,-12.4977444939,0.0497784952534,-0.0177210483782,0.00823196129795,-0.0303010150465,-0.0270029675543,Juan,Pierre,3700000,CF
2749,2007,2003,pierrju01,-12.4977444939,0.0497784952534,-0.0177210483782,0.00823196129795,-0.0303010150465,-0.0270029675543,Juan,Pierre,3700000,OF
2765,2007,2003,pierrju01,-12.4977444939,0.0497784952534,-0.0177210483782,0.00823196129795,-0.0303010150465,-0.0270029675543,Juan,Pierre,3700000,DH
2766,2007,2003,pierrju01,-12.4977444939,0.0497784952534,-0.0177210483782,0.00823196129795,-0.0303010150465,-0.0270029675543,Juan,Pierre,3700000,LF
2777,1982,1982,rayjo01,-15.3341892726,0.023080643684,0.00118840939821,0.00378963964228,-0.0149894662125,-0.0380874021515,Johnny,Ray,782000,2B
2785,1982,1982,rayjo01,-15.3341892726,0.023080643684,0.00118840939821,0.00378963964228,-0.0149894662125,-0.0380874021515,Johnny,Ray,782000,DH
2788,1982,1982,rayjo01,-15.3341892726,0.023080643684,0.00118840939821,0.00378963964228,-0.0149894662125,-0.0380874021515,Johnny,Ray,782000,LF
2789,1982,1982,rayjo01,-15.3341892726,0.023080643684,0.00118840939821,0.00378963964228,-0.0149894662125,-0.0380874021515,Johnny,Ray,782000,OF
2793,1978,1978,riceji01,34.3198936346,-0.0179878551908,-0.00864820766651,0.0101500798335,0.0315408339044,0.01141337765,Jim,Rice,2110000,DH
2794,1978,1978,riceji01,34.3198936346,-0.0179878551908,-0.00864820766651,0.0101500798335,0.0315408339044,0.01141337765,Jim,Rice,2110000,LF
2795,1978,1978,riceji01,34.3198936346,-0.0179878551908,-0.00864820766651,0.0101500798335,0.0315408339044,0.01141337765,Jim,Rice,2110000,OF
2805,1978,1978,riceji01,34.3198936346,-0.0179878551908,-0.00864820766651,0.0101500798335,0.0315408339044,0.01141337765,Jim,Rice,2110000,RF
2806,1978,1978,riceji01,34.3198936346,-0.0179878551908,-0.00864820766651,0.0101500798335,0.0315408339044,0.01141337765,Jim,Rice,2110000,CF
2842,1997,1983,ripkeca01,-6.17693557379,-0.00207752509712,0.00303277510027,-0.00298096131823,0.00143538165562,-0.00779203913505,Cal,Ripken,5200000,3B
2843,1997,1983,ripkeca01,-6.17693557379,-0.00207752509712,0.00303277510027,-0.00298096131823,0.00143538165562,-0.00779203913505,Cal,Ripken,5200000,SS
2866,1997,1983,ripkeca01,-6.17693557379,-0.00207752509712,0.00303277510027,-0.00298096131823,0.00143538165562,-0.00779203913505,Cal,Ripken,5200000,DH
2869,2005,2001,rodrial01,27.8392542899,0.00180718638986,-0.00928315552964,-0.0038880440612,0.0301190184371,0.0177024571415,Alex,Rodriguez,22000000,SS
2870,2005,2001,rodrial01,27.8392542899,0.00180718638986,-0.00928315552964,-0.0038880440612,0.0301190184371,0.0177024571415,Alex,Rodriguez,22000000,DH
2884,2005,2001,rodrial01,27.8392542899,0.00180718638986,-0.00928315552964,-0.0038880440612,0.0301190184371,0.0177024571415,Alex,Rodriguez,22000000,3B
2902,2007,2007,rolliji01,19.3779367883,-0.0162798280028,-0.00305823275968,0.0185883395702,0.0106497416725,-0.00926211859544,Jimmy,Rollins,8000000,SS
2904,2007,2007,rolliji01,19.3779367883,-0.0162798280028,-0.00305823275968,0.0185883395702,0.0106497416725,-0.00926211859544,Jimmy,Rollins,8000000,2B
2917,1982,1965,rosepe01,6.83574286029,0.0129707497656,0.00516827129156,-0.000231566867509,-0.0143760896162,0.0226057549395,Pete,Rose,679429,2B
2918,1982,1965,rosepe01,6.83574286029,0.0129707497656,0.00516827129156,-0.000231566867509,-0.0143760896162,0.0226057549395,Pete,Rose,679429,LF
2919,1982,1965,rosepe01,6.83574286029,0.0129707497656,0.00516827129156,-0.000231566867509,-0.0143760896162,0.0226057549395,Pete,Rose,679429,OF
2923,1982,1965,rosepe01,6.83574286029,0.0129707497656,0.00516827129156,-0.000231566867509,-0.0143760896162,0.0226057549395,Pete,Rose,679429,3B
2925,1982,1965,rosepe01,6.83574286029,0.0129707497656,0.00516827129156,-0.000231566867509,-0.0143760896162,0.0226057549395,Pete,Rose,679429,CF
2928,1982,1965,rosepe01,6.83574286029,0.0129707497656,0.00516827129156,-0.000231566867509,-0.0143760896162,0.0226057549395,Pete,Rose,679429,1B
2932,1982,1965,rosepe01,6.83574286029,0.0129707497656,0.00516827129156,-0.000231566867509,-0.0143760896162,0.0226057549395,Pete,Rose,679429,RF
2977,1973,1973,russebi01,-29.2318383316,0.032837338024,0.00213076797009,-0.000985218174149,-0.0168636578318,-0.0610081283919,Bill,Russell,450000,CF
2978,1973,1973,russebi01,-29.2318383316,0.032837338024,0.00213076797009,-0.000985218174149,-0.0168636578318,-0.0610081283919,Bill,Russell,450000,LF
2979,1973,1973,russebi01,-29.2318383316,0.032837338024,0.00213076797009,-0.000985218174149,-0.0168636578318,-0.0610081283919,Bill,Russell,450000,OF
2980,1973,1973,russebi01,-29.2318383316,0.032837338024,0.00213076797009,-0.000985218174149,-0.0168636578318,-0.0610081283919,Bill,Russell,450000,RF
2985,1973,1973,russebi01,-29.2318383316,0.032837338024,0.00213076797009,-0.000985218174149,-0.0168636578318,-0.0610081283919,Bill,Russell,450000,SS
2986,1973,1973,russebi01,-29.2318383316,0.032837338024,0.00213076797009,-0.000985218174149,-0.0168636578318,-0.0610081283919,Bill,Russell,450000,2B
3015,1973,1973,russebi01,-29.2318383316,0.032837338024,0.00213076797009,-0.000985218174149,-0.0168636578318,-0.0610081283919,Bill,Russell,450000,3B
3026,1974,1974,schmimi01,31.8534493783,-0.0534681852426,-0.00170343465157,-0.000926904012871,0.035115669713,0.0588886485041,Mike,Schmidt,2133483,2B
3027,1974,1974,schmimi01,31.8534493783,-0.0534681852426,-0.00170343465157,-0.000926904012871,0.035115669713,0.0588886485041,Mike,Schmidt,2133483,3B
3028,1974,1974,schmimi01,31.8534493783,-0.0534681852426,-0.00170343465157,-0.000926904012871,0.035115669713,0.0588886485041,Mike,Schmidt,2133483,1B
3031,1974,1974,schmimi01,31.8534493783,-0.0534681852426,-0.00170343465157,-0.000926904012871,0.035115669713,0.0588886485041,Mike,Schmidt,2133483,SS
3062,2003,2003,sexsori01,21.1759176075,-0.044547493285,-0.0165971042731,-0.000706508413522,0.030214612998,0.0495952918327,Richie,Sexson,5125000,1B
3063,2003,2003,sexsori01,21.1759176075,-0.044547493285,-0.0165971042731,-0.000706508413522,0.030214612998,0.0495952918327,Richie,Sexson,5125000,DH
3066,2003,2003,sexsori01,21.1759176075,-0.044547493285,-0.0165971042731,-0.000706508413522,0.030214612998,0.0495952918327,Richie,Sexson,5125000,LF
3067,2003,2003,sexsori01,21.1759176075,-0.044547493285,-0.0165971042731,-0.000706508413522,0.030214612998,0.0495952918327,Richie,Sexson,5125000,OF
3072,2003,2003,sexsori01,21.1759176075,-0.044547493285,-0.0165971042731,-0.000706508413522,0.030214612998,0.0495952918327,Richie,Sexson,5125000,RF
3092,1989,1989,sierrru01,18.3879411219,0.00510455521548,0.00232076515148,0.0119505766828,0.0134545277316,-0.0256346590834,Ruben,Sierra,1762500,CF
3093,1989,1989,sierrru01,18.3879411219,0.00510455521548,0.00232076515148,0.0119505766828,0.0134545277316,-0.0256346590834,Ruben,Sierra,1762500,DH
3094,1989,1989,sierrru01,18.3879411219,0.00510455521548,0.00232076515148,0.0119505766828,0.0134545277316,-0.0256346590834,Ruben,Sierra,1762500,LF
3095,1989,1989,sierrru01,18.3879411219,0.00510455521548,0.00232076515148,0.0119505766828,0.0134545277316,-0.0256346590834,Ruben,Sierra,1762500,OF
3096,1989,1989,sierrru01,18.3879411219,0.00510455521548,0.00232076515148,0.0119505766828,0.0134545277316,-0.0256346590834,Ruben,Sierra,1762500,RF
3176,2007,2006,sizemgr01,18.1941485646,-0.035182120891,0.0049291501378,0.00322612393092,0.00587072280234,0.0491821383041,Grady,Sizemore,3966666,CF
3177,2007,2006,sizemgr01,18.1941485646,-0.035182120891,0.0049291501378,0.00322612393092,0.00587072280234,0.0491821383041,Grady,Sizemore,3966666,OF
3181,2007,2006,sizemgr01,18.1941485646,-0.035182120891,0.0049291501378,0.00322612393092,0.00587072280234,0.0491821383041,Grady,Sizemore,3966666,DH
3195,1979,1979,smallro02,4.3864761871,-0.024730334711,-0.00456601544005,-0.00243549339049,0.00613456623535,0.0332422528639,Roy,Smalley,734285,2B
3196,1979,1979,smallro02,4.3864761871,-0.024730334711,-0.00456601544005,-0.00243549339049,0.00613456623535,0.0332422528639,Roy,Smalley,734285,C
3197,1979,1979,smallro02,4.3864761871,-0.024730334711,-0.00456601544005,-0.00243549339049,0.00613456623535,0.0332422528639,Roy,Smalley,734285,SS
3203,1979,1979,smallro02,4.3864761871,-0.024730334711,-0.00456601544005,-0.00243549339049,0.00613456623535,0.0332422528639,Roy,Smalley,734285,1B
3206,1979,1979,smallro02,4.3864761871,-0.024730334711,-0.00456601544005,-0.00243549339049,0.00613456623535,0.0332422528639,Roy,Smalley,734285,DH
3207,1979,1979,smallro02,4.3864761871,-0.024730334711,-0.00456601544005,-0.00243549339049,0.00613456623535,0.0332422528639,Roy,Smalley,734285,LF
3213,1979,1979,smallro02,4.3864761871,-0.024730334711,-0.00456601544005,-0.00243549339049,0.00613456623535,0.0332422528639,Roy,Smalley,734285,3B
3238,1999,1997,sosasa01,-6.47446893281,-0.0247889430869,-0.0081824334205,0.000681293077455,0.0271795092873,-0.031529226452,Sammy,Sosa,5125000,CF
3240,1999,1997,sosasa01,-6.47446893281,-0.0247889430869,-0.0081824334205,0.000681293077455,0.0271795092873,-0.031529226452,Sammy,Sosa,5125000,DH
3241,1999,1997,sosasa01,-6.47446893281,-0.0247889430869,-0.0081824334205,0.000681293077455,0.0271795092873,-0.031529226452,Sammy,Sosa,5125000,LF
3243,1999,1997,sosasa01,-6.47446893281,-0.0247889430869,-0.0081824334205,0.000681293077455,0.0271795092873,-0.031529226452,Sammy,Sosa,5125000,OF
3245,1999,1997,sosasa01,-6.47446893281,-0.0247889430869,-0.0081824334205,0.000681293077455,0.0271795092873,-0.031529226452,Sammy,Sosa,5125000,RF
3293,1978,1971,staubru01,12.200113345,-0.0153311371073,0.00397129512481,-0.00323123399455,0.00687907833365,0.0326234575773,Rusty,Staub,300000,1B
3294,1978,1971,staubru01,12.200113345,-0.0153311371073,0.00397129512481,-0.00323123399455,0.00687907833365,0.0326234575773,Rusty,Staub,300000,OF
3295,1978,1971,staubru01,12.200113345,-0.0153311371073,0.00397129512481,-0.00323123399455,0.00687907833365,0.0326234575773,Rusty,Staub,300000,RF
3297,1978,1971,staubru01,12.200113345,-0.0153311371073,0.00397129512481,-0.00323123399455,0.00687907833365,0.0326234575773,Rusty,Staub,300000,CF
3302,1978,1971,staubru01,12.200113345,-0.0153311371073,0.00397129512481,-0.00323123399455,0.00687907833365,0.0326234575773,Rusty,Staub,300000,LF
3329,1978,1971,staubru01,12.200113345,-0.0153311371073,0.00397129512481,-0.00323123399455,0.00687907833365,0.0326234575773,Rusty,Staub,300000,DH
3355,1999,1998,surhobj01,-22.5278981804,0.0198326801432,0.00414247621071,-0.00216218374784,-0.012952936607,-0.0400447761514,B. J.,Surhoff,1416667,1B
3356,1999,1998,surhobj01,-22.5278981804,0.0198326801432,0.00414247621071,-0.00216218374784,-0.012952936607,-0.0400447761514,B. J.,Surhoff,1416667,3B
3357,1999,1998,surhobj01,-22.5278981804,0.0198326801432,0.00414247621071,-0.00216218374784,-0.012952936607,-0.0400447761514,B. J.,Surhoff,1416667,C
3358,1999,1998,surhobj01,-22.5278981804,0.0198326801432,0.00414247621071,-0.00216218374784,-0.012952936607,-0.0400447761514,B. J.,Surhoff,1416667,DH
3362,1999,1998,surhobj01,-22.5278981804,0.0198326801432,0.00414247621071,-0.00216218374784,-0.012952936607,-0.0400447761514,B. J.,Surhoff,1416667,LF
3363,1999,1998,surhobj01,-22.5278981804,0.0198326801432,0.00414247621071,-0.00216218374784,-0.012952936607,-0.0400447761514,B. J.,Surhoff,1416667,OF
3364,1999,1998,surhobj01,-22.5278981804,0.0198326801432,0.00414247621071,-0.00216218374784,-0.012952936607,-0.0400447761514,B. J.,Surhoff,1416667,SS
3370,1999,1998,surhobj01,-22.5278981804,0.0198326801432,0.00414247621071,-0.00216218374784,-0.012952936607,-0.0400447761514,B. J.,Surhoff,1416667,2B
3373,1999,1998,surhobj01,-22.5278981804,0.0198326801432,0.00414247621071,-0.00216218374784,-0.012952936607,-0.0400447761514,B. J.,Surhoff,1416667,CF
3376,1999,1998,surhobj01,-22.5278981804,0.0198326801432,0.00414247621071,-0.00216218374784,-0.012952936607,-0.0400447761514,B. J.,Surhoff,1416667,RF
3448,2010,2005,suzukic01,-2.74269656023,0.0591172884695,-0.0139664924296,0.00387071089628,-0.0218593155499,-0.0241890156356,Ichiro,Suzuki,12500000,DH
3449,2010,2005,suzukic01,-2.74269656023,0.0591172884695,-0.0139664924296,0.00387071089628,-0.0218593155499,-0.0241890156356,Ichiro,Suzuki,12500000,OF
3450,2010,2005,suzukic01,-2.74269656023,0.0591172884695,-0.0139664924296,0.00387071089628,-0.0218593155499,-0.0241890156356,Ichiro,Suzuki,12500000,RF
3451,2010,2005,suzukic01,-2.74269656023,0.0591172884695,-0.0139664924296,0.00387071089628,-0.0218593155499,-0.0241890156356,Ichiro,Suzuki,12500000,CF
3482,2010,2005,suzukic01,-2.74269656023,0.0591172884695,-0.0139664924296,0.00387071089628,-0.0218593155499,-0.0241890156356,Ichiro,Suzuki,12500000,LF
3488,2006,2005,teixema01,11.1226431596,-0.0305253843018,0.0060600592725,-0.00440198574009,0.0186346301406,0.0259153198618,Mark,Teixeira,12500000,1B
3489,2006,2005,teixema01,11.1226431596,-0.0305253843018,0.0060600592725,-0.00440198574009,0.0186346301406,0.0259153198618,Mark,Teixeira,12500000,3B
3490,2006,2005,teixema01,11.1226431596,-0.0305253843018,0.0060600592725,-0.00440198574009,0.0186346301406,0.0259153198618,Mark,Teixeira,12500000,DH
3491,2006,2005,teixema01,11.1226431596,-0.0305253843018,0.0060600592725,-0.00440198574009,0.0186346301406,0.0259153198618,Mark,Teixeira,12500000,LF
3492,2006,2005,teixema01,11.1226431596,-0.0305253843018,0.0060600592725,-0.00440198574009,0.0186346301406,0.0259153198618,Mark,Teixeira,12500000,OF
3493,2006,2005,teixema01,11.1226431596,-0.0305253843018,0.0060600592725,-0.00440198574009,0.0186346301406,0.0259153198618,Mark,Teixeira,12500000,RF
3516,2006,2001,tejadmi01,-7.79175430374,0.0111843623988,0.0030864091754,-0.00360669396415,0.00419151053746,-0.0279886743005,Miguel,Tejada,5062500,SS
3518,2006,2001,tejadmi01,-7.79175430374,0.0111843623988,0.0030864091754,-0.00360669396415,0.00419151053746,-0.0279886743005,Miguel,Tejada,5062500,DH
3533,2006,2001,tejadmi01,-7.79175430374,0.0111843623988,0.0030864091754,-0.00360669396415,0.00419151053746,-0.0279886743005,Miguel,Tejada,5062500,3B
3537,2006,2001,tejadmi01,-7.79175430374,0.0111843623988,0.0030864091754,-0.00360669396415,0.00419151053746,-0.0279886743005,Miguel,Tejada,5062500,2B
3540,2006,2001,tejadmi01,-7.79175430374,0.0111843623988,0.0030864091754,-0.00360669396415,0.00419151053746,-0.0279886743005,Miguel,Tejada,5062500,1B
3543,1980,1980,thomago01,-3.69232313936,-0.0569188526952,-0.010601264856,-0.00197032317561,0.0307094184153,0.00945288572402,Gorman,Thomas,600000,3B
3544,1980,1980,thomago01,-3.69232313936,-0.0569188526952,-0.010601264856,-0.00197032317561,0.0307094184153,0.00945288572402,Gorman,Thomas,600000,CF
3545,1980,1980,thomago01,-3.69232313936,-0.0569188526952,-0.010601264856,-0.00197032317561,0.0307094184153,0.00945288572402,Gorman,Thomas,600000,DH
3546,1980,1980,thomago01,-3.69232313936,-0.0569188526952,-0.010601264856,-0.00197032317561,0.0307094184153,0.00945288572402,Gorman,Thomas,600000,LF
3547,1980,1980,thomago01,-3.69232313936,-0.0569188526952,-0.010601264856,-0.00197032317561,0.0307094184153,0.00945288572402,Gorman,Thomas,600000,OF
3548,1980,1980,thomago01,-3.69232313936,-0.0569188526952,-0.010601264856,-0.00197032317561,0.0307094184153,0.00945288572402,Gorman,Thomas,600000,RF
3587,1980,1980,thomago01,-3.69232313936,-0.0569188526952,-0.010601264856,-0.00197032317561,0.0307094184153,0.00945288572402,Gorman,Thomas,600000,1B
3590,2013,2013,vottojo01,31.3749540191,-0.00312052113245,-0.00451150761321,0.00130692212405,0.000613203362769,0.065618034779,Joey,Votto,3967827,1B
3591,2013,2013,vottojo01,31.3749540191,-0.00312052113245,-0.00451150761321,0.00130692212405,0.000613203362769,0.065618034779,Joey,Votto,3967827,LF
3592,2013,2013,vottojo01,31.3749540191,-0.00312052113245,-0.00451150761321,0.00130692212405,0.000613203362769,0.065618034779,Joey,Votto,3967827,OF
3599,1985,1985,walkegr01,-7.15441076341,-0.0413119457787,0.00943224681127,-0.000408673456482,0.00916833233675,0.00407424212845,Greg,Walker,500000,DH
3600,1985,1985,walkegr01,-7.15441076341,-0.0413119457787,0.00943224681127,-0.000408673456482,0.00916833233675,0.00407424212845,Greg,Walker,500000,1B
3616,1980,1980,winfida01,22.1289327997,-0.0162146589298,-0.00925567167363,0.00307565125812,0.00671300666381,0.0489236190723,Dave,Winfield,1958652,1B
3617,1980,1980,winfida01,22.1289327997,-0.0162146589298,-0.00925567167363,0.00307565125812,0.00671300666381,0.0489236190723,Dave,Winfield,1958652,CF
3618,1980,1980,winfida01,22.1289327997,-0.0162146589298,-0.00925567167363,0.00307565125812,0.00671300666381,0.0489236190723,Dave,Winfield,1958652,LF
3619,1980,1980,winfida01,22.1289327997,-0.0162146589298,-0.00925567167363,0.00307565125812,0.00671300666381,0.0489236190723,Dave,Winfield,1958652,OF
3623,1980,1980,winfida01,22.1289327997,-0.0162146589298,-0.00925567167363,0.00307565125812,0.00671300666381,0.0489236190723,Dave,Winfield,1958652,RF
3643,1980,1980,winfida01,22.1289327997,-0.0162146589298,-0.00925567167363,0.00307565125812,0.00671300666381,0.0489236190723,Dave,Winfield,1958652,DH
3660,1980,1980,winfida01,22.1289327997,-0.0162146589298,-0.00925567167363,0.00307565125812,0.00671300666381,0.0489236190723,Dave,Winfield,1958652,3B
3690,1983,1983,wrighge03,-12.8667703474,0.0041894964155,-0.00393213308537,0.000446377286533,-0.00441858547854,-0.0198545297374,George,Wright,400000,CF
3691,1983,1983,wrighge03,-12.8667703474,0.0041894964155,-0.00393213308537,0.000446377286533,-0.00441858547854,-0.0198545297374,George,Wright,400000,LF
3692,1983,1983,wrighge03,-12.8667703474,0.0041894964155,-0.00393213308537,0.000446377286533,-0.00441858547854,-0.0198545297374,George,Wright,400000,OF
3693,1983,1983,wrighge03,-12.8667703474,0.0041894964155,-0.00393213308537,0.000446377286533,-0.00441858547854,-0.0198545297374,George,Wright,400000,RF
3697,1983,1983,wrighge03,-12.8667703474,0.0041894964155,-0.00393213308537,0.000446377286533,-0.00441858547854,-0.0198545297374,George,Wright,400000,DH
3712,2007,2007,youngde03,-21.957227215,0.0228209191019,0.00390045732341,-0.00755545127945,-0.00919187604758,-0.0345662690683,Delmon,Young,1440000,CF
3713,2007,2007,youngde03,-21.957227215,0.0228209191019,0.00390045732341,-0.00755545127945,-0.00919187604758,-0.0345662690683,Delmon,Young,1440000,OF
3714,2007,2007,youngde03,-21.957227215,0.0228209191019,0.00390045732341,-0.00755545127945,-0.00919187604758,-0.0345662690683,Delmon,Young,1440000,RF
3716,2007,2007,youngde03,-21.957227215,0.0228209191019,0.00390045732341,-0.00755545127945,-0.00919187604758,-0.0345662690683,Delmon,Young,1440000,DH
3719,2007,2007,youngde03,-21.957227215,0.0228209191019,0.00390045732341,-0.00755545127945,-0.00919187604758,-0.0345662690683,Delmon,Young,1440000,LF
3732,2006,2006,youngmi02,-2.32942195855,0.0223172159364,0.0140102689664,-0.00379829278472,-0.0118690823179,-0.00832663733155,Michael,Young,4874987,2B
3735,2006,2006,youngmi02,-2.32942195855,0.0223172159364,0.0140102689664,-0.00379829278472,-0.0118690823179,-0.00832663733155,Michael,Young,4874987,3B
3736,2006,2006,youngmi02,-2.32942195855,0.0223172159364,0.0140102689664,-0.00379829278472,-0.0118690823179,-0.00832663733155,Michael,Young,4874987,SS
3739,2006,2006,youngmi02,-2.32942195855,0.0223172159364,0.0140102689664,-0.00379829278472,-0.0118690823179,-0.00832663733155,Michael,Young,4874987,DH
3753,2006,2006,youngmi02,-2.32942195855,0.0223172159364,0.0140102689664,-0.00379829278472,-0.0118690823179,-0.00832663733155,Michael,Young,4874987,1B
3767,1988,1988,yountro01,-6.60356974792,0.0224561403509,0.00481481481481,0.00359649122807,-0.0119785575049,-0.0280214424951,Robin,Yount,1150000,SS
3769,1988,1988,yountro01,-6.60356974792,0.0224561403509,0.00481481481481,0.00359649122807,-0.0119785575049,-0.0280214424951,Robin,Yount,1150000,OF
3774,1988,1988,yountro01,-6.60356974792,0.0224561403509,0.00481481481481,0.00359649122807,-0.0119785575049,-0.0280214424951,Robin,Yount,1150000,DH
3784,1988,1988,yountro01,-6.60356974792,0.0224561403509,0.00481481481481,0.00359649122807,-0.0119785575049,-0.0280214424951,Robin,Yount,1150000,1B
3785,1988,1988,yountro01,-6.60356974792,0.0224561403509,0.00481481481481,0.00359649122807,-0.0119785575049,-0.0280214424951,Robin,Yount,1150000,CF
3787,1988,1988,yountro01,-6.60356974792,0.0224561403509,0.00481481481481,0.00359649122807,-0.0119785575049,-0.0280214424951,Robin,Yount,1150000,LF
3815,2007,2007,zimmery01,-4.94015817121,-0.0355141884136,0.0074926542618,-0.000552650158999,0.00504750077617,0.0121197674923,Ryan,Zimmerman,6350000,3B
3816,2007,2007,zimmery01,-4.94015817121,-0.0355141884136,0.0074926542618,-0.000552650158999,0.00504750077617,0.0121197674923,Ryan,Zimmerman,6350000,SS
3819,2007,2007,zimmery01,-4.94015817121,-0.0355141884136,0.0074926542618,-0.000552650158999,0.00504750077617,0.0121197674923,Ryan,Zimmerman,6350000,DH
